kind,symbol,title
s,A,
c,A01,
u,A01B,
u,A01C,
u,A01D,
u,A01F,
u,A01G,
u,A01H,
u,A01J,
u,A01K,
u,A01L,
u,A01M,
u,A01N,
u,A01P,
c,A21,
u,A21B,
u,A21C,
u,A21D,
c,A22,
u,A22B,
u,A22C,
c,A23,
u,A23B,
u,A23C,
u,A23D,
u,A23F,
u,A23G,
u,A23J,
u,A23K,
u,A23L,
u,A23N,
u,A23P,
c,A24,
u,A24B,
u,A24C,
u,A24D,
u,A24F,
c,A41,
u,A41B,
u,A41C,
u,A41D,
u,A41F,
u,A41G,
u,A41H,
c,A42,
u,A42B,
u,A42C,
c,A43,
u,A43B,
u,A43C,
u,A43D,
c,A44,
u,A44B,
u,A44C,
c,A45,
u,A45B,
u,A45C,
u,A45D,
u,A45F,
c,A46,
u,A46B,
u,A46D,
c,A47,
u,A47B,
u,A47C,
u,A47D,
u,A47F,
u,A47G,
u,A47H,
u,A47J,
u,A47K,
u,A47L,
c,A61,
u,A61B,
u,A61C,
u,A61D,
u,A61F,
u,A61G,
u,A61H,
u,A61J,
u,A61K,
u,A61L,
u,A61M,
u,A61N,
u,A61P,
u,A61Q,
c,A62,
u,A62B,
u,A62C,
u,A62D,
c,A63,
u,A63B,
u,A63C,
u,A63D,
u,A63F,
u,A63G,
u,A63H,
u,A63J,
u,A63K,
c,A99,
u,A99Z,
s,B,
c,B01,
u,B01B,
u,B01D,
u,B01F,
u,B01J,
u,B01L,
c,B02,
u,B02B,
u,B02C,
c,B03,
u,B03B,
u,B03C,
u,B03D,
c,B04,
u,B04B,
u,B04C,
c,B05,
u,B05B,
u,B05C,
u,B05D,
c,B06,
u,B06B,
c,B07,
u,B07B,
u,B07C,
c,B08,
u,B08B,
c,B09,
u,B09B,
u,B09C,
c,B21,
u,B21B,
u,B21C,
u,B21D,
u,B21F,
u,B21G,
u,B21H,
u,B21J,
u,B21K,
u,B21L,
c,B22,
u,B22C,
u,B22D,
u,B22F,
c,B23,
u,B23B,
u,B23C,
u,B23D,
u,B23F,
u,B23G,
u,B23H,
u,B23K,
u,B23P,
u,B23Q,
c,B24,
u,B24B,
u,B24C,
u,B24D,
c,B25,
u,B25B,
u,B25C,
u,B25D,
u,B25F,
u,B25G,
u,B25H,
u,B25J,
c,B26,
u,B26B,
u,B26D,
u,B26F,
c,B27,
u,B27B,
u,B27C,
u,B27D,
u,B27F,
u,B27G,
u,B27H,
u,B27J,
u,B27K,
u,B27L,
u,B27M,
u,B27N,
c,B28,
u,B28B,
u,B28C,
u,B28D,
c,B29,
u,B29B,
u,B29C,
u,B29D,
u,B29K,
u,B29L,
c,B30,
u,B30B,
c,B31,
u,B31B,
u,B31C,
u,B31D,
u,B31F,
c,B32,
u,B32B,
c,B33,
u,B33Y,
c,B41,
u,B41B,
u,B41C,
u,B41D,
u,B41F,
u,B41G,
u,B41J,
u,B41K,
u,B41L,
u,B41M,
u,B41N,
c,B42,
u,B42B,
u,B42C,
u,B42D,
u,B42F,
c,B43,
u,B43K,
u,B43L,
u,B43M,
c,B44,
u,B44B,
u,B44C,
u,B44D,
u,B44F,
c,B60,
u,B60B,
u,B60C,
u,B60D,
u,B60F,
u,B60G,
u,B60H,
u,B60J,
u,B60K,
u,B60L,
u,B60M,
u,B60N,
u,B60P,
u,B60Q,
u,B60R,
u,B60S,
u,B60T,
u,B60V,
u,B60W,
c,B61,
u,B61B,
u,B61C,
u,B61D,
u,B61F,
u,B61G,
u,B61H,
u,B61J,
u,B61K,
u,B61L,
c,B62,
u,B62B,
u,B62C,
u,B62D,
u,B62H,
u,B62J,
u,B62K,
u,B62L,
u,B62M,
c,B63,
u,B63B,
u,B63C,
u,B63G,
u,B63H,
u,B63J,
c,B64,
u,B64B,
u,B64C,
u,B64D,
u,B64F,
u,B64G,
u,B64U,
c,B65,
u,B65B,
u,B65C,
u,B65D,
u,B65F,
u,B65G,
u,B65H,
c,B66,
u,B66B,
u,B66C,
u,B66D,
u,B66F,
c,B67,
u,B67B,
u,B67C,
u,B67D,
c,B68,
u,B68B,
u,B68C,
u,B68F,
u,B68G,
c,B81,
u,B81B,
u,B81C,
c,B82,
u,B82B,
u,B82Y,
c,B99,
u,B99Z,
s,C,
c,C01,
u,C01B,
u,C01C,
u,C01D,
u,C01F,
u,C01G,
c,C02,
u,C02F,
c,C03,
u,C03B,
u,C03C,
c,C04,
u,C04B,
c,C05,
u,C05B,
u,C05C,
u,C05D,
u,C05F,
u,C05G,
c,C06,
u,C06B,
u,C06C,
u,C06D,
u,C06F,
c,C07,
u,C07B,
u,C07C,
u,C07D,
u,C07F,
u,C07G,
u,C07H,
u,C07J,
u,C07K,
c,C08,
u,C08B,
u,C08C,
u,C08F,
u,C08G,
u,C08H,
u,C08J,
u,C08K,
u,C08L,
c,C09,
u,C09B,
u,C09C,
u,C09D,
u,C09F,
u,C09G,
u,C09H,
u,C09J,
u,C09K,
c,C10,
u,C10B,
u,C10C,
u,C10F,
u,C10G,
u,C10H,
u,C10J,
u,C10K,
u,C10L,
u,C10M,
u,C10N,
c,C11,
u,C11B,
u,C11C,
u,C11D,
c,C12,
u,C12C,
u,C12F,
u,C12G,
u,C12H,
u,C12J,
u,C12L,
u,C12M,
u,C12N,
u,C12P,
u,C12Q,
u,C12R,
c,C13,
u,C13B,
u,C13K,
c,C14,
u,C14B,
u,C14C,
c,C21,
u,C21B,
u,C21C,
u,C21D,
c,C22,
u,C22B,
u,C22C,
u,C22F,
c,C23,
u,C23C,
u,C23D,
u,C23F,
u,C23G,
c,C25,
u,C25B,
u,C25C,
u,C25D,
u,C25F,
c,C30,
u,C30B,
c,C40,
u,C40B,
c,C99,
u,C99Z,
s,D,
c,D01,
u,D01B,
u,D01C,
u,D01D,
u,D01F,
u,D01G,
u,D01H,
c,D02,
u,D02G,
u,D02H,
u,D02J,
c,D03,
u,D03C,
u,D03D,
u,D03J,
c,D04,
u,D04B,
u,D04C,
u,D04D,
u,D04G,
u,D04H,
c,D05,
u,D05B,
u,D05C,
c,D06,
u,D06B,
u,D06C,
u,D06F,
u,D06G,
u,D06H,
u,D06J,
u,D06L,
u,D06M,
u,D06N,
u,D06P,
u,D06Q,
c,D07,
u,D07B,
c,D21,
u,D21B,
u,D21C,
u,D21D,
u,D21F,
u,D21G,
u,D21H,
u,D21J,
c,D99,
u,D99Z,
s,E,
c,E01,
u,E01B,
u,E01C,
u,E01D,
u,E01F,
u,E01H,
c,E02,
u,E02B,
u,E02C,
u,E02D,
u,E02F,
c,E03,
u,E03B,
u,E03C,
u,E03D,
u,E03F,
c,E04,
u,E04B,
u,E04C,
u,E04D,
u,E04F,
u,E04G,
u,E04H,
c,E05,
u,E05B,
u,E05C,
u,E05D,
u,E05F,
u,E05G,
c,E06,
u,E06B,
u,E06C,
c,E21,
u,E21B,
u,E21C,
u,E21D,
u,E21F,
c,E99,
u,E99Z,
s,F,
c,F01,
u,F01B,
u,F01C,
u,F01D,
u,F01K,
u,F01L,
u,F01M,
u,F01N,
u,F01P,
c,F02,
u,F02B,
u,F02C,
u,F02D,
u,F02F,
u,F02G,
u,F02K,
u,F02M,
u,F02N,
u,F02P,
c,F03,
u,F03B,
u,F03C,
u,F03D,
u,F03G,
u,F03H,
c,F04,
u,F04B,
u,F04C,
u,F04D,
u,F04F,
c,F15,
u,F15B,
u,F15C,
u,F15D,
c,F16,
u,F16B,
u,F16C,
u,F16D,
u,F16F,
u,F16G,
u,F16H,
u,F16J,
u,F16K,
u,F16L,
u,F16M,
u,F16N,
u,F16P,
u,F16S,
u,F16T,
c,F17,
u,F17B,
u,F17C,
u,F17D,
c,F21,
u,F21H,
u,F21K,
u,F21L,
u,F21S,
u,F21V,
u,F21W,
u,F21Y,
c,F22,
u,F22B,
u,F22D,
u,F22G,
c,F23,
u,F23B,
u,F23C,
u,F23D,
u,F23G,
u,F23H,
u,F23J,
u,F23K,
u,F23L,
u,F23M,
u,F23N,
u,F23Q,
u,F23R,
c,F24,
u,F24B,
u,F24C,
u,F24D,
u,F24F,
u,F24H,
u,F24S,
u,F24T,
u,F24V,
c,F25,
u,F25B,
u,F25C,
u,F25D,
u,F25J,
c,F26,
u,F26B,
c,F27,
u,F27B,
u,F27D,
c,F28,
u,F28B,
u,F28C,
u,F28D,
u,F28F,
u,F28G,
c,F41,
u,F41A,
u,F41B,
u,F41C,
u,F41F,
u,F41G,
u,F41H,
u,F41J,
c,F42,
u,F42B,
u,F42C,
u,F42D,
c,F99,
u,F99Z,
s,G,
c,G01,
u,G01B,
u,G01C,
u,G01D,
u,G01F,
u,G01G,
u,G01H,
u,G01J,
u,G01K,
u,G01L,
u,G01M,
u,G01N,
u,G01P,
u,G01Q,
u,G01R,
u,G01S,
u,G01T,
u,G01V,
u,G01W,
c,G02,
u,G02B,
u,G02C,
u,G02F,
c,G03,
u,G03B,
u,G03C,
u,G03D,
u,G03F,
u,G03G,
u,G03H,
c,G04,
u,G04B,
u,G04C,
u,G04D,
u,G04F,
u,G04G,
u,G04R,
c,G05,
u,G05B,
u,G05D,
u,G05F,
u,G05G,
c,G06,
u,G06C,
u,G06D,
u,G06E,
u,G06F,
u,G06G,
u,G06J,
u,G06K,
u,G06M,
u,G06N,
u,G06Q,
u,G06T,
u,G06V,
c,G07,
u,G07B,
u,G07C,
u,G07D,
u,G07F,
u,G07G,
c,G08,
u,G08B,
u,G08C,
u,G08G,
c,G09,
u,G09B,
u,G09C,
u,G09D,
u,G09F,
u,G09G,
c,G10,
u,G10B,
u,G10C,
u,G10D,
u,G10F,
u,G10G,
u,G10H,
u,G10K,
u,G10L,
c,G11,
u,G11B,
u,G11C,
c,G12,
u,G12B,
c,G16,
u,G16B,
u,G16C,
u,G16H,
u,G16Y,
u,G16Z,
c,G21,
u,G21B,
u,G21C,
u,G21D,
u,G21F,
u,G21G,
u,G21H,
u,G21J,
u,G21K,
c,G99,
u,G99Z,
s,H,
c,H01,
u,H01B,
u,H01C,
u,H01F,
u,H01G,
u,H01H,
u,H01J,
u,H01K,
u,H01L,
u,H01M,
u,H01P,
u,H01Q,
u,H01R,
u,H01S,
u,H01T,
c,H02,
u,H02B,
u,H02G,
u,H02H,
u,H02J,
u,H02K,
u,H02M,
u,H02N,
u,H02P,
u,H02S,
c,H03,
u,H03B,
u,H03C,
u,H03D,
u,H03F,
u,H03G,
u,H03H,
u,H03J,
u,H03K,
u,H03L,
u,H03M,
c,H04,
u,H04B,
u,H04H,
u,H04J,
u,H04K,
u,H04L,
u,H04M,
u,H04N,
u,H04Q,
u,H04R,
u,H04S,
u,H04W,
c,H05,
u,H05B,
u,H05C,
u,H05F,
u,H05G,
u,H05H,
u,H05K,
c,H10,
u,H10B,
u,H10K,
u,H10N,
c,H99,
u,H99Z,
